,Eps,Won,Cur,Min,Ave,Max
0,51,False,-200,-200,-199.36,-168
1,52,False,-200,-200,-199.36,-168
2,53,False,-200,-200,-199.36,-168
3,54,False,-200,-200,-199.36,-168
4,55,False,-200,-200,-199.36,-168
5,56,False,-200,-200,-199.36,-168
6,57,False,-200,-200,-199.36,-168
7,58,False,-200,-200,-199.36,-168
8,59,False,-200,-200,-199.36,-168
9,60,False,-200,-200,-199.36,-168
10,61,False,-200,-200,-200.0,-200
11,62,False,-200,-200,-200.0,-200
12,63,False,-200,-200,-200.0,-200
13,64,False,-200,-200,-200.0,-200
14,65,False,-200,-200,-200.0,-200
15,66,False,-200,-200,-200.0,-200
16,67,False,-200,-200,-200.0,-200
17,68,False,-200,-200,-200.0,-200
18,69,False,-200,-200,-200.0,-200
19,70,False,-200,-200,-200.0,-200
20,71,False,-200,-200,-200.0,-200
21,72,False,-200,-200,-200.0,-200
22,73,False,-200,-200,-200.0,-200
23,74,False,-200,-200,-200.0,-200
24,75,False,-200,-200,-200.0,-200
25,76,False,-200,-200,-200.0,-200
26,77,False,-200,-200,-200.0,-200
27,78,False,-200,-200,-200.0,-200
28,79,False,-200,-200,-200.0,-200
29,80,False,-200,-200,-200.0,-200
30,81,False,-200,-200,-200.0,-200
31,82,False,-200,-200,-200.0,-200
32,83,False,-200,-200,-200.0,-200
33,84,False,-200,-200,-200.0,-200
34,85,False,-200,-200,-200.0,-200
35,86,False,-200,-200,-200.0,-200
36,87,False,-200,-200,-200.0,-200
37,88,False,-200,-200,-200.0,-200
38,89,False,-200,-200,-200.0,-200
39,90,False,-200,-200,-200.0,-200
40,91,False,-200,-200,-200.0,-200
41,92,False,-200,-200,-200.0,-200
42,93,False,-200,-200,-200.0,-200
43,94,False,-200,-200,-200.0,-200
44,95,False,-200,-200,-200.0,-200
45,96,False,-200,-200,-200.0,-200
46,97,False,-200,-200,-200.0,-200
47,98,False,-200,-200,-200.0,-200
48,99,False,-200,-200,-200.0,-200
49,100,False,-200,-200,-200.0,-200
50,101,False,-200,-200,-200.0,-200
51,102,False,-200,-200,-200.0,-200
52,103,False,-200,-200,-200.0,-200
53,104,False,-200,-200,-200.0,-200
54,105,False,-200,-200,-200.0,-200
55,106,False,-200,-200,-200.0,-200
56,107,False,-200,-200,-200.0,-200
57,108,False,-200,-200,-200.0,-200
58,109,False,-200,-200,-200.0,-200
59,110,False,-200,-200,-200.0,-200
60,111,False,-200,-200,-200.0,-200
61,112,False,-200,-200,-200.0,-200
62,113,False,-200,-200,-200.0,-200
63,114,False,-200,-200,-200.0,-200
64,115,False,-200,-200,-200.0,-200
65,116,False,-200,-200,-200.0,-200
66,117,False,-200,-200,-200.0,-200
67,118,False,-200,-200,-200.0,-200
68,119,False,-200,-200,-200.0,-200
69,120,False,-200,-200,-200.0,-200
70,121,False,-200,-200,-200.0,-200
71,122,False,-200,-200,-200.0,-200
72,123,False,-200,-200,-200.0,-200
73,124,False,-200,-200,-200.0,-200
74,125,False,-200,-200,-200.0,-200
75,126,False,-200,-200,-200.0,-200
76,127,False,-200,-200,-200.0,-200
77,128,False,-200,-200,-200.0,-200
78,129,False,-200,-200,-200.0,-200
79,130,False,-200,-200,-200.0,-200
80,131,False,-200,-200,-200.0,-200
81,132,False,-200,-200,-200.0,-200
82,133,False,-200,-200,-200.0,-200
83,134,False,-200,-200,-200.0,-200
84,135,False,-200,-200,-200.0,-200
85,136,False,-200,-200,-200.0,-200
86,137,False,-200,-200,-200.0,-200
87,138,False,-200,-200,-200.0,-200
88,139,False,-200,-200,-200.0,-200
89,140,False,-200,-200,-200.0,-200
90,141,False,-200,-200,-200.0,-200
91,142,False,-200,-200,-200.0,-200
92,143,False,-200,-200,-200.0,-200
93,144,False,-200,-200,-200.0,-200
94,145,False,-200,-200,-200.0,-200
95,146,False,-200,-200,-200.0,-200
96,147,False,-200,-200,-200.0,-200
97,148,False,-200,-200,-200.0,-200
98,149,False,-200,-200,-200.0,-200
99,150,False,-200,-200,-200.0,-200
100,151,False,-200,-200,-200.0,-200
101,152,False,-200,-200,-200.0,-200
102,153,False,-200,-200,-200.0,-200
103,154,False,-200,-200,-200.0,-200
104,155,False,-200,-200,-200.0,-200
105,156,False,-200,-200,-200.0,-200
106,157,False,-200,-200,-200.0,-200
107,158,False,-200,-200,-200.0,-200
108,159,False,-200,-200,-200.0,-200
109,160,False,-200,-200,-200.0,-200
110,161,False,-200,-200,-200.0,-200
111,162,False,-200,-200,-200.0,-200
112,163,False,-200,-200,-200.0,-200
113,164,False,-200,-200,-200.0,-200
114,165,False,-200,-200,-200.0,-200
115,166,False,-200,-200,-200.0,-200
116,167,False,-200,-200,-200.0,-200
117,168,False,-200,-200,-200.0,-200
118,169,False,-200,-200,-200.0,-200
119,170,False,-200,-200,-200.0,-200
120,171,False,-200,-200,-200.0,-200
121,172,False,-200,-200,-200.0,-200
122,173,False,-200,-200,-200.0,-200
123,174,False,-200,-200,-200.0,-200
124,175,False,-200,-200,-200.0,-200
125,176,False,-200,-200,-200.0,-200
126,177,False,-200,-200,-200.0,-200
127,178,False,-200,-200,-200.0,-200
128,179,False,-200,-200,-200.0,-200
129,180,False,-200,-200,-200.0,-200
130,181,False,-200,-200,-200.0,-200
131,182,False,-200,-200,-200.0,-200
132,183,False,-200,-200,-200.0,-200
133,184,False,-200,-200,-200.0,-200
134,185,False,-200,-200,-200.0,-200
135,186,False,-200,-200,-200.0,-200
136,187,False,-200,-200,-200.0,-200
137,188,False,-200,-200,-200.0,-200
138,189,False,-200,-200,-200.0,-200
139,190,False,-200,-200,-200.0,-200
140,191,False,-200,-200,-200.0,-200
141,192,False,-200,-200,-200.0,-200
142,193,False,-200,-200,-200.0,-200
143,194,False,-200,-200,-200.0,-200
144,195,False,-200,-200,-200.0,-200
145,196,False,-200,-200,-200.0,-200
146,197,False,-200,-200,-200.0,-200
147,198,False,-200,-200,-200.0,-200
148,199,False,-200,-200,-200.0,-200
149,200,False,-200,-200,-200.0,-200
150,201,False,-200,-200,-200.0,-200
151,202,False,-200,-200,-200.0,-200
152,203,False,-200,-200,-200.0,-200
153,204,False,-200,-200,-200.0,-200
154,205,False,-200,-200,-200.0,-200
155,206,False,-200,-200,-200.0,-200
156,207,False,-200,-200,-200.0,-200
157,208,False,-200,-200,-200.0,-200
158,209,False,-200,-200,-200.0,-200
159,210,False,-200,-200,-200.0,-200
160,211,False,-200,-200,-200.0,-200
161,212,False,-200,-200,-200.0,-200
162,213,False,-200,-200,-200.0,-200
163,214,False,-200,-200,-200.0,-200
164,215,False,-200,-200,-200.0,-200
165,216,False,-200,-200,-200.0,-200
166,217,False,-200,-200,-200.0,-200
167,218,False,-200,-200,-200.0,-200
168,219,False,-200,-200,-200.0,-200
169,220,False,-200,-200,-200.0,-200
170,221,False,-200,-200,-200.0,-200
171,222,False,-200,-200,-200.0,-200
172,223,False,-200,-200,-200.0,-200
173,224,False,-200,-200,-200.0,-200
174,225,False,-200,-200,-200.0,-200
175,226,False,-200,-200,-200.0,-200
176,227,False,-200,-200,-200.0,-200
177,228,False,-200,-200,-200.0,-200
178,229,False,-200,-200,-200.0,-200
179,230,False,-200,-200,-200.0,-200
180,231,False,-200,-200,-200.0,-200
181,232,False,-200,-200,-200.0,-200
182,233,False,-200,-200,-200.0,-200
183,234,False,-200,-200,-200.0,-200
184,235,False,-200,-200,-200.0,-200
185,236,False,-200,-200,-200.0,-200
186,237,False,-200,-200,-200.0,-200
187,238,False,-200,-200,-200.0,-200
188,239,False,-200,-200,-200.0,-200
189,240,False,-200,-200,-200.0,-200
190,241,False,-200,-200,-200.0,-200
191,242,False,-200,-200,-200.0,-200
192,243,False,-200,-200,-200.0,-200
193,244,False,-200,-200,-200.0,-200
194,245,False,-200,-200,-200.0,-200
195,246,False,-200,-200,-200.0,-200
196,247,False,-200,-200,-200.0,-200
197,248,False,-200,-200,-200.0,-200
198,249,False,-200,-200,-200.0,-200
199,250,False,-200,-200,-200.0,-200
200,251,False,-200,-200,-200.0,-200
201,252,False,-200,-200,-200.0,-200
202,253,False,-200,-200,-200.0,-200
203,254,False,-200,-200,-200.0,-200
204,255,False,-200,-200,-200.0,-200
205,256,False,-200,-200,-200.0,-200
206,257,False,-200,-200,-200.0,-200
207,258,False,-200,-200,-200.0,-200
208,259,False,-200,-200,-200.0,-200
209,260,False,-200,-200,-200.0,-200
210,261,False,-200,-200,-200.0,-200
211,262,False,-200,-200,-200.0,-200
212,263,False,-200,-200,-200.0,-200
213,264,False,-200,-200,-200.0,-200
214,265,False,-200,-200,-200.0,-200
215,266,False,-200,-200,-200.0,-200
216,267,False,-200,-200,-200.0,-200
217,268,False,-200,-200,-200.0,-200
218,269,False,-200,-200,-200.0,-200
219,270,False,-200,-200,-200.0,-200
220,271,False,-200,-200,-200.0,-200
221,272,False,-200,-200,-200.0,-200
222,273,False,-200,-200,-200.0,-200
223,274,False,-200,-200,-200.0,-200
224,275,False,-200,-200,-200.0,-200
225,276,False,-200,-200,-200.0,-200
226,277,False,-200,-200,-200.0,-200
227,278,False,-200,-200,-200.0,-200
228,279,False,-200,-200,-200.0,-200
229,280,False,-200,-200,-200.0,-200
230,281,False,-200,-200,-200.0,-200
231,282,False,-200,-200,-200.0,-200
232,283,False,-200,-200,-200.0,-200
233,284,False,-200,-200,-200.0,-200
234,285,True,-161,-200,-199.22,-161
235,286,False,-200,-200,-199.22,-161
236,287,False,-200,-200,-199.22,-161
237,288,False,-200,-200,-199.22,-161
238,289,False,-200,-200,-199.22,-161
239,290,False,-200,-200,-199.22,-161
240,291,False,-200,-200,-199.22,-161
241,292,False,-200,-200,-199.22,-161
242,293,False,-200,-200,-199.22,-161
243,294,False,-200,-200,-199.22,-161
244,295,False,-200,-200,-199.22,-161
245,296,False,-200,-200,-199.22,-161
246,297,False,-200,-200,-199.22,-161
247,298,False,-200,-200,-199.22,-161
248,299,False,-200,-200,-199.22,-161
249,300,False,-200,-200,-199.22,-161
250,301,False,-200,-200,-199.22,-161
251,302,False,-200,-200,-199.22,-161
252,303,False,-200,-200,-199.22,-161
253,304,False,-200,-200,-199.22,-161
254,305,False,-200,-200,-199.22,-161
255,306,False,-200,-200,-199.22,-161
256,307,False,-200,-200,-199.22,-161
257,308,False,-200,-200,-199.22,-161
258,309,False,-200,-200,-199.22,-161
259,310,False,-200,-200,-199.22,-161
260,311,False,-200,-200,-199.22,-161
261,312,False,-200,-200,-199.22,-161
262,313,False,-200,-200,-199.22,-161
263,314,False,-200,-200,-199.22,-161
264,315,False,-200,-200,-199.22,-161
265,316,False,-200,-200,-199.22,-161
266,317,False,-200,-200,-199.22,-161
267,318,False,-200,-200,-199.22,-161
268,319,False,-200,-200,-199.22,-161
269,320,False,-200,-200,-199.22,-161
270,321,False,-200,-200,-199.22,-161
271,322,False,-200,-200,-199.22,-161
272,323,False,-200,-200,-199.22,-161
273,324,False,-200,-200,-199.22,-161
274,325,False,-200,-200,-199.22,-161
275,326,False,-200,-200,-199.22,-161
276,327,False,-200,-200,-199.22,-161
277,328,False,-200,-200,-199.22,-161
278,329,False,-200,-200,-199.22,-161
279,330,False,-200,-200,-199.22,-161
280,331,False,-200,-200,-199.22,-161
281,332,False,-200,-200,-199.22,-161
282,333,False,-200,-200,-199.22,-161
283,334,False,-200,-200,-199.22,-161
284,335,False,-200,-200,-200.0,-200
285,336,False,-200,-200,-200.0,-200
286,337,False,-200,-200,-200.0,-200
287,338,False,-200,-200,-200.0,-200
288,339,False,-200,-200,-200.0,-200
289,340,False,-200,-200,-200.0,-200
290,341,False,-200,-200,-200.0,-200
291,342,False,-200,-200,-200.0,-200
292,343,False,-200,-200,-200.0,-200
293,344,False,-200,-200,-200.0,-200
294,345,False,-200,-200,-200.0,-200
295,346,False,-200,-200,-200.0,-200
296,347,True,-174,-200,-199.48,-174
297,348,True,-182,-200,-199.12,-174
298,349,True,-142,-200,-197.96,-142
299,350,True,-130,-200,-196.56,-130
300,351,True,-156,-200,-195.68,-130
301,352,True,-125,-200,-194.18,-125
302,353,True,-106,-200,-192.3,-106
303,354,True,-192,-200,-192.14,-106
304,355,True,-193,-200,-192.0,-106
305,356,True,-171,-200,-191.42,-106
306,357,False,-200,-200,-191.42,-106
307,358,False,-200,-200,-191.42,-106
308,359,True,-134,-200,-190.1,-106
309,360,True,-158,-200,-189.26,-106
310,361,False,-200,-200,-189.26,-106
311,362,True,-147,-200,-188.2,-106
312,363,True,-159,-200,-187.38,-106
313,364,True,-170,-200,-186.78,-106
314,365,True,-148,-200,-185.74,-106
315,366,True,-156,-200,-184.86,-106
316,367,True,-152,-200,-183.9,-106
317,368,True,-157,-200,-183.04,-106
318,369,True,-163,-200,-182.3,-106
319,370,False,-200,-200,-182.3,-106
320,371,False,-200,-200,-182.3,-106
321,372,True,-175,-200,-181.8,-106
322,373,True,-190,-200,-181.6,-106
323,374,False,-200,-200,-181.6,-106
324,375,False,-200,-200,-181.6,-106
325,376,False,-200,-200,-181.6,-106
326,377,True,-166,-200,-180.92,-106
327,378,False,-200,-200,-180.92,-106
328,379,True,-159,-200,-180.1,-106
329,380,True,-195,-200,-180.0,-106
330,381,False,-200,-200,-180.0,-106
331,382,True,-162,-200,-179.24,-106
332,383,False,-200,-200,-179.24,-106
333,384,True,-193,-200,-179.1,-106
334,385,False,-200,-200,-179.1,-106
335,386,False,-200,-200,-179.1,-106
336,387,False,-200,-200,-179.1,-106
337,388,False,-200,-200,-179.1,-106
338,389,True,-158,-200,-178.26,-106
339,390,False,-200,-200,-178.26,-106
340,391,True,-171,-200,-177.68,-106
341,392,True,-183,-200,-177.34,-106
342,393,False,-200,-200,-177.34,-106
343,394,True,-196,-200,-177.26,-106
344,395,True,-175,-200,-176.76,-106
345,396,False,-200,-200,-176.76,-106
346,397,False,-200,-200,-177.28,-106
347,398,False,-200,-200,-177.64,-106
348,399,True,-184,-200,-178.48,-106
349,400,True,-157,-200,-179.02,-106
350,401,True,-165,-200,-179.2,-106
351,402,False,-200,-200,-180.7,-106
352,403,True,-185,-200,-182.28,-134
353,404,False,-200,-200,-182.44,-134
354,405,False,-200,-200,-182.58,-134
355,406,False,-200,-200,-183.16,-134
356,407,False,-200,-200,-183.16,-134
357,408,False,-200,-200,-183.16,-134
358,409,False,-200,-200,-184.48,-147
359,410,False,-200,-200,-185.32,-147
360,411,False,-200,-200,-185.32,-147
361,412,False,-200,-200,-186.38,-148
362,413,False,-200,-200,-187.2,-148
363,414,False,-200,-200,-187.8,-148
364,415,False,-200,-200,-188.84,-152
365,416,False,-200,-200,-189.72,-152
366,417,False,-200,-200,-190.68,-157
367,418,False,-200,-200,-191.54,-157
368,419,False,-200,-200,-192.28,-157
369,420,False,-200,-200,-192.28,-157
370,421,True,-153,-200,-191.34,-153
371,422,False,-200,-200,-191.84,-153
372,423,False,-200,-200,-192.04,-153
373,424,False,-200,-200,-192.04,-153
374,425,False,-200,-200,-192.04,-153
375,426,False,-200,-200,-192.04,-153
376,427,True,-180,-200,-192.32,-153
377,428,False,-200,-200,-192.32,-153
378,429,False,-200,-200,-193.14,-153
379,430,False,-200,-200,-193.24,-153
380,431,False,-200,-200,-193.24,-153
381,432,False,-200,-200,-194.0,-153
382,433,True,-196,-200,-193.92,-153
383,434,True,-158,-200,-193.22,-153
384,435,True,-195,-200,-193.12,-153
385,436,True,-192,-200,-192.96,-153
386,437,False,-200,-200,-192.96,-153
387,438,False,-200,-200,-192.96,-153
388,439,True,-160,-200,-193.0,-153
389,440,True,-157,-200,-192.14,-153
390,441,True,-162,-200,-191.96,-153
391,442,False,-200,-200,-192.3,-153
392,443,True,-163,-200,-191.56,-153
393,444,False,-200,-200,-191.64,-153
394,445,True,-165,-200,-191.44,-153
395,446,True,-151,-200,-190.46,-151
396,447,False,-200,-200,-190.46,-151
397,448,True,-161,-200,-189.68,-151
398,449,True,-171,-200,-189.42,-151
399,450,True,-151,-200,-189.3,-151
400,451,True,-167,-200,-189.34,-151
401,452,True,-164,-200,-188.62,-151
402,453,True,-162,-200,-188.16,-151
403,454,True,-167,-200,-187.5,-151
404,455,True,-164,-200,-186.78,-151
405,456,False,-200,-200,-186.78,-151
406,457,True,-168,-200,-186.14,-151
407,458,True,-152,-200,-185.18,-151
408,459,True,-157,-200,-184.32,-151
409,460,True,-174,-200,-183.8,-151
410,461,True,-159,-200,-182.98,-151
411,462,True,-151,-200,-182.0,-151
412,463,True,-158,-200,-181.16,-151
413,464,False,-200,-200,-181.16,-151
414,465,True,-192,-200,-181.0,-151
415,466,False,-200,-200,-181.0,-151
416,467,True,-181,-200,-180.62,-151
417,468,False,-200,-200,-180.62,-151
418,469,True,-168,-200,-179.98,-151
419,470,True,-124,-200,-178.46,-124
420,471,True,-129,-200,-177.98,-124
421,472,True,-156,-200,-177.1,-124
422,473,True,-173,-200,-176.56,-124
423,474,True,-147,-200,-175.5,-124
424,475,True,-167,-200,-174.84,-124
425,476,True,-158,-200,-174.0,-124
426,477,True,-166,-200,-173.72,-124
427,478,True,-126,-200,-172.24,-124
428,479,True,-165,-200,-171.54,-124
429,480,True,-190,-200,-171.34,-124
430,481,True,-157,-200,-170.48,-124
431,482,True,-161,-200,-169.7,-124
432,483,True,-115,-200,-168.08,-115
433,484,True,-118,-200,-167.28,-115
434,485,True,-157,-200,-166.52,-115
435,486,True,-114,-200,-164.96,-114
436,487,True,-167,-200,-164.3,-114
437,488,True,-175,-200,-163.8,-114
438,489,True,-121,-200,-163.02,-114
439,490,True,-156,-200,-163.0,-114
440,491,True,-160,-200,-162.96,-114
441,492,True,-118,-200,-161.32,-114
442,493,True,-162,-200,-161.3,-114
443,494,True,-132,-200,-159.94,-114
444,495,True,-153,-200,-159.7,-114
445,496,True,-134,-200,-159.36,-114
446,497,True,-122,-200,-157.8,-114
447,498,True,-123,-200,-157.04,-114
448,499,False,-200,-200,-157.62,-114
449,500,True,-129,-200,-157.18,-114
450,501,True,-132,-200,-156.48,-114
451,502,True,-117,-200,-155.54,-114
452,503,True,-150,-200,-155.3,-114
453,504,True,-97,-200,-153.9,-97
454,505,True,-122,-200,-153.06,-97
455,506,True,-156,-200,-152.18,-97
456,507,True,-156,-200,-151.94,-97
457,508,True,-155,-200,-152.0,-97
458,509,True,-156,-200,-151.98,-97
459,510,True,-138,-200,-151.26,-97
460,511,True,-154,-200,-151.16,-97
461,512,True,-161,-200,-151.36,-97
462,513,True,-173,-200,-151.66,-97
463,514,True,-155,-200,-150.76,-97
464,515,True,-155,-200,-150.02,-97
465,516,True,-148,-200,-148.98,-97
466,517,True,-152,-200,-148.4,-97
467,518,True,-151,-200,-147.42,-97
468,519,True,-116,-200,-146.38,-97
469,520,True,-151,-200,-146.92,-97
470,521,True,-165,-200,-147.64,-97
471,522,True,-170,-200,-147.92,-97
472,523,True,-159,-200,-147.64,-97
473,524,True,-165,-200,-148.0,-97
474,525,True,-172,-200,-148.1,-97
475,526,True,-148,-200,-147.9,-97
476,527,True,-148,-200,-147.54,-97
477,528,True,-163,-200,-148.28,-97
478,529,True,-146,-200,-147.9,-97
479,530,True,-148,-200,-147.06,-97
480,531,True,-90,-200,-145.72,-90
481,532,True,-141,-200,-145.32,-90
482,533,True,-158,-200,-146.18,-90
483,534,True,-141,-200,-146.64,-90
484,535,True,-158,-200,-146.66,-90
485,536,True,-140,-200,-147.18,-90
486,537,True,-140,-200,-146.64,-90
487,538,True,-144,-200,-146.02,-90
488,539,True,-144,-200,-146.48,-90
489,540,True,-141,-200,-146.18,-90
490,541,True,-151,-200,-146.0,-90
491,542,True,-146,-200,-146.56,-90
492,543,True,-151,-200,-146.34,-90
493,544,True,-118,-200,-146.06,-90
494,545,True,-100,-200,-145.0,-90
495,546,True,-162,-200,-145.56,-90
496,547,True,-128,-200,-145.68,-90
497,548,True,-121,-200,-145.64,-90
498,549,True,-166,-173,-144.96,-90
499,550,True,-103,-173,-144.44,-90
500,551,True,-107,-173,-143.94,-90
501,552,True,-164,-173,-144.88,-90
502,553,True,-113,-173,-144.14,-90
503,554,True,-155,-173,-145.3,-90
504,555,True,-198,-198,-146.82,-90
505,556,True,-142,-198,-146.54,-90
506,557,True,-145,-198,-146.32,-90
507,558,True,-159,-198,-146.4,-90
508,559,True,-111,-198,-145.5,-90
509,560,True,-86,-198,-144.46,-86
510,561,True,-171,-198,-144.8,-86
511,562,True,-147,-198,-144.52,-86
512,563,True,-152,-198,-144.1,-86
513,564,True,-143,-198,-143.86,-86
514,565,True,-149,-198,-143.74,-86
515,566,True,-138,-198,-143.54,-86
516,567,True,-155,-198,-143.6,-86
517,568,True,-111,-198,-142.8,-86
518,569,True,-163,-198,-143.74,-86
519,570,True,-99,-198,-142.7,-86
520,571,True,-194,-198,-143.28,-86
521,572,True,-104,-198,-141.96,-86
522,573,True,-143,-198,-141.64,-86
523,574,True,-174,-198,-141.82,-86
524,575,True,-134,-198,-141.06,-86
525,576,True,-151,-198,-141.12,-86
526,577,True,-145,-198,-141.06,-86
527,578,True,-134,-198,-140.48,-86
528,579,True,-169,-198,-140.94,-86
529,580,True,-137,-198,-140.72,-86
530,581,True,-149,-198,-141.9,-86
531,582,True,-90,-198,-140.88,-86
532,583,True,-146,-198,-140.64,-86
533,584,True,-150,-198,-140.82,-86
534,585,True,-114,-198,-139.94,-86
535,586,True,-144,-198,-140.02,-86
536,587,True,-115,-198,-139.52,-86
537,588,True,-142,-198,-139.48,-86
538,589,True,-90,-198,-138.4,-86
539,590,True,-109,-198,-137.76,-86
540,591,True,-98,-198,-136.7,-86
541,592,True,-113,-198,-136.04,-86
542,593,True,-160,-198,-136.22,-86
543,594,True,-140,-198,-136.66,-86
544,595,True,-149,-198,-137.64,-86
545,596,True,-161,-198,-137.62,-86
546,597,True,-158,-198,-138.22,-86
547,598,True,-138,-198,-138.56,-86
548,599,True,-166,-198,-138.56,-86
549,600,False,-200,-200,-140.5,-86
550,601,True,-144,-200,-141.24,-86
551,602,True,-161,-200,-141.18,-86
552,603,True,-179,-200,-142.5,-86
553,604,True,-146,-200,-142.32,-86
554,605,True,-152,-200,-141.4,-86
555,606,True,-123,-200,-141.02,-86
556,607,True,-143,-200,-140.98,-86
557,608,True,-135,-200,-140.5,-86
558,609,True,-147,-200,-141.22,-86
559,610,True,-116,-200,-141.82,-90
560,611,True,-145,-200,-141.3,-90
561,612,True,-141,-200,-141.18,-90
562,613,True,-140,-200,-140.94,-90
563,614,True,-139,-200,-140.86,-90
564,615,True,-151,-200,-140.9,-90
565,616,True,-144,-200,-141.02,-90
566,617,True,-113,-200,-140.18,-90
567,618,True,-108,-200,-140.12,-90
568,619,True,-116,-200,-139.18,-90
569,620,True,-108,-200,-139.36,-90
570,621,True,-167,-200,-138.82,-90
571,622,True,-114,-200,-139.02,-90
572,623,True,-116,-200,-138.48,-90
573,624,True,-88,-200,-136.76,-88
574,625,True,-112,-200,-136.32,-88
575,626,True,-137,-200,-136.04,-88
576,627,True,-146,-200,-136.06,-88
577,628,True,-126,-200,-135.9,-88
578,629,True,-157,-200,-135.66,-88
579,630,True,-124,-200,-135.4,-88
580,631,True,-157,-200,-135.56,-88
581,632,True,-125,-200,-136.26,-88
582,633,True,-168,-200,-136.7,-88
583,634,False,-200,-200,-137.7,-88
584,635,True,-119,-200,-137.8,-88
585,636,True,-148,-200,-137.88,-88
586,637,True,-141,-200,-138.4,-88
587,638,True,-92,-200,-137.4,-88
588,639,True,-152,-200,-138.64,-88
589,640,True,-141,-200,-139.28,-88
590,641,True,-136,-200,-140.04,-88
591,642,True,-147,-200,-140.72,-88
592,643,True,-87,-200,-139.26,-87
593,644,True,-121,-200,-138.88,-87
594,645,True,-112,-200,-138.14,-87
595,646,True,-141,-200,-137.74,-87
596,647,True,-151,-200,-137.6,-87
597,648,True,-93,-200,-136.7,-87
598,649,True,-147,-200,-136.32,-87
599,650,True,-86,-200,-134.04,-86
600,651,True,-141,-200,-133.98,-86
601,652,True,-159,-200,-133.94,-86
602,653,True,-142,-200,-133.2,-86
603,654,True,-137,-200,-133.02,-86
604,655,True,-127,-200,-132.52,-86
605,656,True,-134,-200,-132.74,-86
606,657,True,-114,-200,-132.16,-86
607,658,True,-120,-200,-131.86,-86
608,659,True,-91,-200,-130.74,-86
609,660,True,-128,-200,-130.98,-86
610,661,True,-115,-200,-130.38,-86
611,662,True,-123,-200,-130.02,-86
612,663,True,-110,-200,-129.42,-86
613,664,True,-150,-200,-129.64,-86
614,665,True,-143,-200,-129.48,-86
615,666,True,-113,-200,-128.86,-86
616,667,True,-123,-200,-129.06,-86
617,668,True,-115,-200,-129.2,-86
618,669,True,-156,-200,-130.0,-86
619,670,True,-113,-200,-130.1,-86
620,671,True,-166,-200,-130.08,-86
621,672,True,-112,-200,-130.04,-86
622,673,True,-161,-200,-130.94,-86
623,674,True,-126,-200,-131.7,-86
624,675,True,-88,-200,-131.22,-86
625,676,True,-116,-200,-130.8,-86
626,677,True,-150,-200,-130.88,-86
627,678,True,-123,-200,-130.82,-86
628,679,True,-137,-200,-130.42,-86
629,680,True,-111,-200,-130.16,-86
630,681,True,-150,-200,-130.02,-86
631,682,True,-146,-200,-130.44,-86
632,683,True,-144,-200,-129.96,-86
633,684,True,-156,-166,-129.08,-86
634,685,True,-159,-166,-129.88,-86
635,686,True,-147,-166,-129.86,-86
636,687,True,-118,-166,-129.4,-86
637,688,True,-144,-166,-130.44,-86
638,689,True,-114,-166,-129.68,-86
639,690,True,-173,-173,-130.32,-86
640,691,True,-98,-173,-129.56,-86
641,692,True,-151,-173,-129.64,-86
642,693,True,-109,-173,-130.08,-86
643,694,True,-119,-173,-130.04,-86
644,695,True,-159,-173,-130.98,-86
645,696,True,-164,-173,-131.44,-86
646,697,True,-141,-173,-131.24,-86
647,698,True,-154,-173,-132.46,-86
648,699,True,-141,-173,-132.34,-86
649,700,True,-104,-173,-132.7,-88
650,701,False,-200,-200,-133.88,-88
651,702,True,-181,-200,-134.32,-88
652,703,True,-141,-200,-134.3,-88
653,704,True,-138,-200,-134.32,-88
654,705,True,-146,-200,-134.7,-88
655,706,True,-122,-200,-134.46,-88
656,707,True,-144,-200,-135.06,-88
657,708,True,-152,-200,-135.7,-88
658,709,True,-149,-200,-136.86,-88
659,710,True,-122,-200,-136.74,-88
660,711,True,-90,-200,-136.24,-88
661,712,True,-166,-200,-137.1,-88
662,713,True,-145,-200,-137.8,-88
663,714,True,-125,-200,-137.3,-88
664,715,True,-179,-200,-138.02,-88
665,716,True,-84,-200,-137.44,-84
666,717,True,-149,-200,-137.96,-84
667,718,True,-146,-200,-138.58,-84
668,719,True,-114,-200,-137.74,-84
669,720,True,-157,-200,-138.62,-84
670,721,True,-149,-200,-138.28,-84
671,722,True,-92,-200,-137.88,-84
672,723,True,-120,-200,-137.06,-84
673,724,True,-155,-200,-137.64,-84
674,725,True,-142,-200,-138.72,-84
675,726,True,-142,-200,-139.24,-84
676,727,True,-142,-200,-139.08,-84
677,728,True,-149,-200,-139.6,-84
678,729,True,-163,-200,-140.12,-84
679,730,True,-150,-200,-140.9,-84
680,731,True,-123,-200,-140.36,-84
681,732,True,-151,-200,-140.46,-84
682,733,True,-150,-200,-140.58,-84
683,734,True,-102,-200,-139.5,-84
684,735,True,-148,-200,-139.28,-84
685,736,True,-119,-200,-138.72,-84
686,737,True,-148,-200,-139.32,-84
687,738,True,-160,-200,-139.64,-84
688,739,True,-147,-200,-140.3,-84
689,740,True,-147,-200,-139.78,-84
690,741,True,-145,-200,-140.72,-84
691,742,True,-135,-200,-140.4,-84
692,743,True,-148,-200,-141.18,-84
693,744,True,-150,-200,-141.8,-84
694,745,True,-141,-200,-141.44,-84
695,746,True,-139,-200,-140.94,-84
696,747,True,-140,-200,-140.92,-84
697,748,True,-139,-200,-140.62,-84
698,749,True,-121,-200,-140.22,-84
699,750,True,-144,-200,-141.02,-84
700,751,True,-139,-181,-139.8,-84
701,752,True,-133,-179,-138.84,-84
702,753,True,-112,-179,-138.26,-84
703,754,True,-160,-179,-138.7,-84
704,755,True,-118,-179,-138.14,-84
705,756,True,-139,-179,-138.48,-84
706,757,True,-94,-179,-137.48,-84
707,758,True,-117,-179,-136.78,-84
708,759,True,-120,-179,-136.2,-84
709,760,True,-163,-179,-137.02,-84
710,761,True,-87,-179,-136.96,-84
711,762,True,-116,-179,-135.96,-84
712,763,True,-110,-179,-135.26,-84
713,764,True,-151,-179,-135.78,-84
714,765,False,-200,-200,-136.2,-84
715,766,True,-119,-200,-136.9,-87
716,767,True,-156,-200,-137.04,-87
717,768,True,-148,-200,-137.08,-87
718,769,True,-175,-200,-138.3,-87
719,770,True,-103,-200,-137.22,-87
720,771,True,-112,-200,-136.48,-87
721,772,True,-146,-200,-137.56,-87
722,773,True,-140,-200,-137.96,-87
723,774,True,-193,-200,-138.72,-87
724,775,True,-142,-200,-138.72,-87
725,776,True,-115,-200,-138.18,-87
726,777,True,-145,-200,-138.24,-87
727,778,True,-124,-200,-137.74,-87
728,779,True,-149,-200,-137.46,-87
729,780,True,-151,-200,-137.48,-87
730,781,True,-146,-200,-137.94,-87
731,782,True,-120,-200,-137.32,-87
732,783,True,-169,-200,-137.7,-87
733,784,True,-115,-200,-137.96,-87
734,785,True,-126,-200,-137.52,-87
735,786,True,-146,-200,-138.06,-87
736,787,True,-152,-200,-138.14,-87
737,788,True,-151,-200,-137.96,-87
738,789,True,-111,-200,-137.24,-87
739,790,True,-166,-200,-137.62,-87
740,791,True,-144,-200,-137.6,-87
741,792,True,-157,-200,-138.04,-87
742,793,False,-200,-200,-139.08,-87
743,794,True,-154,-200,-139.16,-87
744,795,True,-141,-200,-139.16,-87
745,796,True,-143,-200,-139.24,-87
746,797,True,-116,-200,-138.76,-87
747,798,True,-148,-200,-138.94,-87
748,799,True,-116,-200,-138.84,-87
749,800,True,-110,-200,-138.16,-87
750,801,True,-152,-200,-138.42,-87
751,802,True,-141,-200,-138.58,-87
752,803,True,-174,-200,-139.82,-87
753,804,True,-111,-200,-138.84,-87
754,805,True,-151,-200,-139.5,-87
755,806,True,-143,-200,-139.58,-87
756,807,True,-115,-200,-140.0,-87
757,808,True,-194,-200,-141.54,-87
758,809,True,-148,-200,-142.1,-87
759,810,True,-113,-200,-141.1,-87
760,811,True,-162,-200,-142.6,-103
761,812,True,-112,-200,-142.52,-103
762,813,True,-149,-200,-143.3,-103
763,814,True,-144,-200,-143.16,-103
764,815,True,-110,-200,-141.36,-103
765,816,True,-150,-200,-141.98,-103
766,817,True,-137,-200,-141.6,-103
767,818,True,-154,-200,-141.72,-103
768,819,True,-182,-200,-141.86,-103
769,820,True,-142,-200,-142.64,-110
770,821,True,-110,-200,-142.6,-110
771,822,True,-153,-200,-142.74,-110
772,823,True,-148,-200,-142.9,-110
773,824,True,-143,-200,-141.9,-110
774,825,True,-117,-200,-141.4,-110
775,826,True,-116,-200,-141.42,-110
776,827,True,-155,-200,-141.62,-110
777,828,True,-109,-200,-141.32,-109
778,829,True,-109,-200,-140.52,-109
779,830,True,-183,-200,-141.16,-109
780,831,False,-200,-200,-142.24,-109
781,832,True,-177,-200,-143.38,-109
782,833,True,-139,-200,-142.78,-109
783,834,True,-151,-200,-143.5,-109
784,835,True,-116,-200,-143.3,-109
785,836,True,-180,-200,-143.98,-109
786,837,True,-147,-200,-143.88,-109
787,838,True,-117,-200,-143.2,-109
788,839,True,-149,-200,-143.96,-109
789,840,True,-140,-200,-143.44,-109
790,841,True,-144,-200,-143.44,-109
791,842,True,-177,-200,-143.84,-109
792,843,True,-145,-200,-142.74,-109
793,844,True,-146,-200,-142.58,-109
794,845,True,-145,-200,-142.66,-109
795,846,True,-150,-200,-142.8,-109
796,847,True,-116,-200,-142.8,-109
797,848,True,-113,-200,-142.1,-109
798,849,True,-157,-200,-142.92,-109
799,850,True,-114,-200,-143.0,-109
800,851,True,-145,-200,-142.86,-109
801,852,True,-156,-200,-143.16,-109
802,853,True,-123,-200,-142.14,-109
803,854,True,-151,-200,-142.94,-109
804,855,True,-179,-200,-143.5,-109
805,856,True,-122,-200,-143.08,-109
806,857,True,-153,-200,-143.84,-109
807,858,True,-112,-200,-142.2,-109
808,859,True,-145,-200,-142.14,-109
809,860,True,-144,-200,-142.76,-109
810,861,True,-149,-200,-142.5,-109
811,862,True,-155,-200,-143.36,-109
812,863,True,-154,-200,-143.46,-109
813,864,True,-151,-200,-143.6,-109
814,865,True,-161,-200,-144.62,-109
815,866,True,-116,-200,-143.94,-109
816,867,True,-147,-200,-144.14,-109
817,868,True,-115,-200,-143.36,-109
818,869,True,-187,-200,-143.46,-109
819,870,True,-149,-200,-143.6,-109
820,871,True,-142,-200,-144.24,-109
821,872,True,-116,-200,-143.5,-109
822,873,True,-116,-200,-142.86,-109
823,874,True,-141,-200,-142.82,-109
824,875,True,-149,-200,-143.46,-109
825,876,True,-149,-200,-144.12,-109
826,877,True,-130,-200,-143.62,-109
827,878,True,-147,-200,-144.38,-109
828,879,True,-120,-200,-144.6,-112
829,880,True,-111,-200,-143.16,-111
830,881,True,-161,-187,-142.38,-111
831,882,True,-123,-187,-141.3,-111
832,883,True,-92,-187,-140.36,-92
833,884,True,-91,-187,-139.16,-91
834,885,True,-122,-187,-139.28,-91
835,886,True,-107,-187,-137.82,-91
836,887,True,-164,-187,-138.16,-91
837,888,True,-148,-187,-138.78,-91
838,889,True,-154,-187,-138.88,-91
839,890,False,-200,-200,-140.08,-91
840,891,True,-150,-200,-140.2,-91
841,892,True,-169,-200,-140.04,-91
842,893,True,-154,-200,-140.22,-91
843,894,True,-170,-200,-140.7,-91
844,895,True,-105,-200,-139.9,-91
845,896,True,-145,-200,-139.8,-91
846,897,True,-162,-200,-140.72,-91
847,898,True,-105,-200,-140.56,-91
848,899,True,-116,-200,-139.74,-91
849,900,True,-143,-200,-140.32,-91
850,901,False,-200,-200,-141.42,-91
851,902,True,-163,-200,-141.56,-91
852,903,True,-114,-200,-141.38,-91
853,904,True,-121,-200,-140.78,-91
854,905,True,-164,-200,-140.48,-91
855,906,True,-145,-200,-140.94,-91
856,907,True,-165,-200,-141.18,-91
857,908,True,-118,-200,-141.3,-91
858,909,True,-145,-200,-141.3,-91
859,910,True,-119,-200,-140.8,-91
860,911,True,-183,-200,-141.48,-91
861,912,True,-114,-200,-140.66,-91
862,913,True,-114,-200,-139.86,-91
863,914,True,-121,-200,-139.26,-91
864,915,True,-148,-200,-139.0,-91
865,916,True,-112,-200,-138.92,-91
866,917,True,-114,-200,-138.26,-91
867,918,True,-116,-200,-138.28,-91
868,919,True,-146,-200,-137.46,-91
869,920,True,-159,-200,-137.66,-91
870,921,True,-135,-200,-137.52,-91
871,922,True,-146,-200,-138.12,-91
872,923,True,-148,-200,-138.76,-91
873,924,True,-143,-200,-138.8,-91
874,925,True,-144,-200,-138.7,-91
875,926,True,-151,-200,-138.74,-91
876,927,True,-146,-200,-139.06,-91
877,928,True,-102,-200,-138.16,-91
878,929,True,-147,-200,-138.7,-91
879,930,True,-149,-200,-139.46,-91
880,931,True,-145,-200,-139.14,-91
881,932,True,-120,-200,-139.08,-91
882,933,True,-142,-200,-140.08,-91
883,934,True,-135,-200,-140.96,-102
884,935,True,-140,-200,-141.32,-102
885,936,True,-112,-200,-141.42,-102
886,937,True,-111,-200,-140.36,-102
887,938,True,-164,-200,-140.68,-102
888,939,True,-144,-200,-140.48,-102
889,940,True,-111,-200,-138.7,-102
890,941,True,-117,-200,-138.04,-102
891,942,True,-130,-200,-137.26,-102
892,943,True,-113,-200,-136.44,-102
893,944,True,-154,-200,-136.12,-102
894,945,True,-157,-200,-137.16,-102
895,946,True,-144,-200,-137.14,-102
896,947,True,-159,-200,-137.08,-102
897,948,True,-112,-200,-137.22,-102
898,949,True,-113,-200,-137.16,-102
899,950,True,-151,-200,-137.32,-102
900,951,True,-171,-183,-136.74,-102
901,952,True,-111,-183,-135.7,-102
902,953,True,-111,-183,-135.64,-102
903,954,True,-136,-183,-135.94,-102
904,955,True,-109,-183,-134.84,-102
905,956,True,-111,-183,-134.16,-102
906,957,True,-146,-183,-133.78,-102
907,958,True,-150,-183,-134.42,-102
908,959,True,-142,-183,-134.36,-102
909,960,True,-161,-183,-135.2,-102
910,961,True,-105,-171,-133.64,-102
911,962,True,-144,-171,-134.24,-102
912,963,True,-163,-171,-135.22,-102
913,964,True,-148,-171,-135.76,-102
914,965,True,-107,-171,-134.94,-102
915,966,True,-144,-171,-135.58,-102
916,967,True,-147,-171,-136.24,-102
917,968,True,-131,-171,-136.54,-102
918,969,True,-173,-173,-137.08,-102
919,970,True,-158,-173,-137.06,-102
920,971,True,-140,-173,-137.16,-102
921,972,True,-117,-173,-136.58,-102
922,973,True,-145,-173,-136.52,-102
923,974,True,-150,-173,-136.66,-102
924,975,True,-164,-173,-137.06,-102
925,976,True,-168,-173,-137.4,-102
926,977,True,-147,-173,-137.42,-102
927,978,True,-109,-173,-137.56,-105
928,979,True,-150,-173,-137.62,-105
929,980,True,-151,-173,-137.66,-105
930,981,True,-109,-173,-136.94,-105
931,982,True,-175,-175,-138.04,-105
932,983,True,-150,-175,-138.2,-105
933,984,True,-151,-175,-138.52,-105
934,985,True,-147,-175,-138.66,-105
935,986,True,-142,-175,-139.26,-105
936,987,True,-148,-175,-140.0,-105
937,988,True,-116,-175,-139.04,-105
938,989,True,-118,-175,-138.52,-105
939,990,True,-117,-175,-138.64,-105
940,991,True,-144,-175,-139.18,-105
941,992,True,-152,-175,-139.62,-105
942,993,True,-142,-175,-140.2,-105
943,994,True,-114,-175,-139.4,-105
944,995,True,-132,-175,-138.9,-105
945,996,True,-110,-175,-138.22,-105
946,997,True,-154,-175,-138.12,-105
947,998,True,-153,-175,-138.94,-105
948,999,True,-147,-175,-139.62,-105
